<metadata xml:lang="en"><Esri><CreaDate>20250305</CreaDate><CreaTime>16000500</CreaTime><ArcGISFormat>1.0</ArcGISFormat><SyncOnce>FALSE</SyncOnce><DataProperties><lineage><Process ToolSource="c:\program files\arcgis\pro\Resources\ArcToolbox\Toolboxes\Data Management Tools.tbx\CreateFeatureclass" Date="20250305" Time="160005">CreateFeatureclass "C:\Users\z47p551\OneDrive - Montana State University\GPHY484\CARC\Project\CARC\CARC.gdb" Fields Polygon # No Yes "PROJCS["WGS_1984_UTM_Zone_12N",GEOGCS["GCS_WGS_1984",DATUM["D_WGS_1984",SPHEROID["WGS_1984",6378137.0,298.257223563]],PRIMEM["Greenwich",0.0],UNIT["Degree",0.0174532925199433]],PROJECTION["Transverse_Mercator"],PARAMETER["False_Easting",500000.0],PARAMETER["False_Northing",0.0],PARAMETER["Central_Meridian",-111.0],PARAMETER["Scale_Factor",0.9996],PARAMETER["Latitude_Of_Origin",0.0],UNIT["Meter",1.0]];-5120900 -9998100 10000;-100000 10000;-100000 10000;0.001;0.001;0.001;IsHighPrecision" # # # # # "Same as template"</Process><Process ToolSource="c:\program files\arcgis\pro\Resources\ArcToolbox\Toolboxes\Data Management Tools.tbx\UpdateSchema" Date="20250305" Time="160005">UpdateSchema "C:\Users\z47p551\OneDrive - Montana State University\GPHY484\CARC\Project\CARC\CARC.gdb\Fields" &lt;operationSequence&gt;&lt;workflow&gt;&lt;AddField&gt;&lt;field_name&gt;FieldNum&lt;/field_name&gt;&lt;field_type&gt;Long&lt;/field_type&gt;&lt;field_is_nullable&gt;TRUE&lt;/field_is_nullable&gt;&lt;field_length&gt;0&lt;/field_length&gt;&lt;/AddField&gt;&lt;/workflow&gt;&lt;workflow&gt;&lt;AddField&gt;&lt;field_name&gt;FieldName&lt;/field_name&gt;&lt;field_type&gt;TEXT&lt;/field_type&gt;&lt;field_is_nullable&gt;TRUE&lt;/field_is_nullable&gt;&lt;field_length&gt;255&lt;/field_length&gt;&lt;/AddField&gt;&lt;/workflow&gt;&lt;workflow&gt;&lt;AddField&gt;&lt;field_name&gt;Crop&lt;/field_name&gt;&lt;field_type&gt;TEXT&lt;/field_type&gt;&lt;field_is_nullable&gt;TRUE&lt;/field_is_nullable&gt;&lt;field_length&gt;255&lt;/field_length&gt;&lt;/AddField&gt;&lt;/workflow&gt;&lt;workflow&gt;&lt;AddField&gt;&lt;field_name&gt;Stated_Acerage&lt;/field_name&gt;&lt;field_type&gt;Long&lt;/field_type&gt;&lt;field_is_nullable&gt;TRUE&lt;/field_is_nullable&gt;&lt;field_length&gt;0&lt;/field_length&gt;&lt;/AddField&gt;&lt;/workflow&gt;&lt;workflow&gt;&lt;AddField&gt;&lt;field_name&gt;Calculated_Acerage&lt;/field_name&gt;&lt;field_type&gt;Long&lt;/field_type&gt;&lt;field_is_nullable&gt;TRUE&lt;/field_is_nullable&gt;&lt;field_length&gt;0&lt;/field_length&gt;&lt;/AddField&gt;&lt;/workflow&gt;&lt;workflow&gt;&lt;AddField&gt;&lt;field_name&gt;Total_Yield&lt;/field_name&gt;&lt;field_type&gt;Long&lt;/field_type&gt;&lt;field_is_nullable&gt;TRUE&lt;/field_is_nullable&gt;&lt;field_length&gt;0&lt;/field_length&gt;&lt;/AddField&gt;&lt;/workflow&gt;&lt;workflow&gt;&lt;AddField&gt;&lt;field_name&gt;Yield_Per_Acre&lt;/field_name&gt;&lt;field_type&gt;Long&lt;/field_type&gt;&lt;field_is_nullable&gt;TRUE&lt;/field_is_nullable&gt;&lt;field_length&gt;0&lt;/field_length&gt;&lt;/AddField&gt;&lt;/workflow&gt;&lt;workflow&gt;&lt;AddField&gt;&lt;field_name&gt;Year&lt;/field_name&gt;&lt;field_type&gt;Long&lt;/field_type&gt;&lt;field_is_nullable&gt;TRUE&lt;/field_is_nullable&gt;&lt;field_length&gt;0&lt;/field_length&gt;&lt;/AddField&gt;&lt;/workflow&gt;&lt;workflow&gt;&lt;AddField&gt;&lt;field_name&gt;Seed_Rate&lt;/field_name&gt;&lt;field_type&gt;TEXT&lt;/field_type&gt;&lt;field_is_nullable&gt;TRUE&lt;/field_is_nullable&gt;&lt;field_length&gt;255&lt;/field_length&gt;&lt;/AddField&gt;&lt;/workflow&gt;&lt;workflow&gt;&lt;AddField&gt;&lt;field_name&gt;Variety&lt;/field_name&gt;&lt;field_type&gt;TEXT&lt;/field_type&gt;&lt;field_is_nullable&gt;TRUE&lt;/field_is_nullable&gt;&lt;field_length&gt;255&lt;/field_length&gt;&lt;/AddField&gt;&lt;/workflow&gt;&lt;workflow&gt;&lt;AddField&gt;&lt;field_name&gt;Plant_Date_DDMMYYYY&lt;/field_name&gt;&lt;field_type&gt;Long&lt;/field_type&gt;&lt;field_is_nullable&gt;TRUE&lt;/field_is_nullable&gt;&lt;field_length&gt;0&lt;/field_length&gt;&lt;/AddField&gt;&lt;/workflow&gt;&lt;/operationSequence&gt;</Process><Process ToolSource="c:\program files\arcgis\pro\Resources\ArcToolbox\Toolboxes\Data Management Tools.tbx\UpdateSchema" Date="20250305" Time="160006">UpdateSchema "C:\Users\z47p551\OneDrive - Montana State University\GPHY484\CARC\Project\CARC\CARC.gdb\Fields" &lt;operationSequence&gt;&lt;workflow&gt;&lt;AlterField&gt;&lt;field_name&gt;OBJECTID&lt;/field_name&gt;&lt;field_alias&gt;OBJECTID&lt;/field_alias&gt;&lt;/AlterField&gt;&lt;/workflow&gt;&lt;workflow&gt;&lt;AlterField&gt;&lt;field_name&gt;SHAPE&lt;/field_name&gt;&lt;field_alias&gt;SHAPE&lt;/field_alias&gt;&lt;/AlterField&gt;&lt;/workflow&gt;&lt;/operationSequence&gt;</Process><Process ToolSource="c:\program files\arcgis\pro\Resources\ArcToolbox\Toolboxes\Data Management Tools.tbx\UpdateSchema" Date="20250305" Time="163314">UpdateSchema "CIMDATA=&lt;CIMStandardDataConnection xsi:type='typens:CIMStandardDataConnection' xmlns:xsi='http://www.w3.org/2001/XMLSchema-instance' xmlns:xs='http://www.w3.org/2001/XMLSchema' xmlns:typens='http://www.esri.com/schemas/ArcGIS/3.3.0'&gt;&lt;WorkspaceConnectionString&gt;DATABASE=C:\Users\z47p551\OneDrive - Montana State University\GPHY484\CARC\Project\CARC\CARC.gdb&lt;/WorkspaceConnectionString&gt;&lt;WorkspaceFactory&gt;FileGDB&lt;/WorkspaceFactory&gt;&lt;Dataset&gt;Fields&lt;/Dataset&gt;&lt;DatasetType&gt;esriDTFeatureClass&lt;/DatasetType&gt;&lt;/CIMStandardDataConnection&gt;" &lt;operationSequence&gt;&lt;workflow&gt;&lt;AddField&gt;&lt;field_name&gt;Trial&lt;/field_name&gt;&lt;field_type&gt;TEXT&lt;/field_type&gt;&lt;field_length&gt;255&lt;/field_length&gt;&lt;field_is_nullable&gt;True&lt;/field_is_nullable&gt;&lt;field_is_required&gt;False&lt;/field_is_required&gt;&lt;/AddField&gt;&lt;/workflow&gt;&lt;/operationSequence&gt;</Process><Process ToolSource="c:\program files\arcgis\pro\Resources\ArcToolbox\toolboxes\Conversion Tools.tbx\ExportFeatures" Date="20250305" Time="164933">ExportFeatures Fields "C:\Users\z47p551\OneDrive - Montana State University\GPHY484\CARC\Project\CARC\CARC.gdb\Trial_Fields" # NOT_USE_ALIAS "Shape_Length "Shape_Length" false true true 8 Double 0 0,First,#,Fields,Shape_Length,-1,-1;Shape_Area "Shape_Area" false true true 8 Double 0 0,First,#,Fields,Shape_Area,-1,-1;FieldNum "FieldNum" true true false 4 Long 0 0,First,#,Fields,FieldNum,-1,-1;FieldName "FieldName" true true false 255 Text 0 0,First,#,Fields,FieldName,0,254;Crop "Crop" true true false 255 Text 0 0,First,#,Fields,Crop,0,254;Stated_Acerage "Stated_Acerage" true true false 4 Long 0 0,First,#,Fields,Stated_Acerage,-1,-1;Calculated_Acerage "Calculated_Acerage" true true false 4 Long 0 0,First,#,Fields,Calculated_Acerage,-1,-1;Total_Yield "Total_Yield" true true false 4 Long 0 0,First,#,Fields,Total_Yield,-1,-1;Yield_Per_Acre "Yield_Per_Acre" true true false 4 Long 0 0,First,#,Fields,Yield_Per_Acre,-1,-1;Year "Year" true true false 4 Long 0 0,First,#,Fields,Year,-1,-1;Seed_Rate "Seed_Rate" true true false 255 Text 0 0,First,#,Fields,Seed_Rate,0,254;Variety "Variety" true true false 255 Text 0 0,First,#,Fields,Variety,0,254;Plant_Date_DDMMYYYY "Plant_Date_DDMMYYYY" true true false 4 Long 0 0,First,#,Fields,Plant_Date_DDMMYYYY,-1,-1;Trial "Trial" true true false 255 Text 0 0,First,#,Fields,Trial,0,254" #</Process><Process ToolSource="c:\program files\arcgis\pro\Resources\ArcToolbox\toolboxes\Conversion Tools.tbx\ExportFeatures" Date="20250423" Time="095740">ExportFeatures Trial_Fields "C:\Users\z47p551\OneDrive - Montana State University\GPHY484\CARC\Project\trial_fields.shp" # NOT_USE_ALIAS "FieldNum "FieldNum" true true false 4 Long 0 0,First,#,Trial_Fields,FieldNum,-1,-1;FieldName "FieldName" true true false 255 Text 0 0,First,#,Trial_Fields,FieldName,0,254;Crop "Crop" true true false 255 Text 0 0,First,#,Trial_Fields,Crop,0,254;Stated_Acerage "Stated_Acerage" true true false 4 Long 0 0,First,#,Trial_Fields,Stated_Acerage,-1,-1;Calculated_Acerage "Calculated_Acerage" true true false 4 Long 0 0,First,#,Trial_Fields,Calculated_Acerage,-1,-1;Total_Yield "Total_Yield" true true false 4 Long 0 0,First,#,Trial_Fields,Total_Yield,-1,-1;Yield_Per_Acre "Yield_Per_Acre" true true false 4 Long 0 0,First,#,Trial_Fields,Yield_Per_Acre,-1,-1;Year "Year" true true false 4 Long 0 0,First,#,Trial_Fields,Year,-1,-1;Seed_Rate "Seed_Rate" true true false 255 Text 0 0,First,#,Trial_Fields,Seed_Rate,0,254;Variety "Variety" true true false 255 Text 0 0,First,#,Trial_Fields,Variety,0,254;Plant_Date_DDMMYYYY "Plant_Date_DDMMYYYY" true true false 4 Long 0 0,First,#,Trial_Fields,Plant_Date_DDMMYYYY,-1,-1;Trial "Trial" true true false 255 Text 0 0,First,#,Trial_Fields,Trial,0,254;Shape_Length "Shape_Length" false true true 8 Double 0 0,First,#,Trial_Fields,Shape_Length,-1,-1;Shape_Area "Shape_Area" false true true 8 Double 0 0,First,#,Trial_Fields,Shape_Area,-1,-1" #</Process></lineage><itemProps><itemName Sync="TRUE">trial_fields</itemName><imsContentType Sync="TRUE">002</imsContentType><itemLocation><linkage Sync="TRUE">file://\\COA-SSCLAB08\C$\Users\z47p551\OneDrive - Montana State University\GPHY484\CARC\Project\trial_fields.shp</linkage><protocol Sync="TRUE">Local Area Network</protocol></itemLocation><itemSize Sync="TRUE">0.000</itemSize></itemProps><coordRef><type Sync="TRUE">Projected</type><geogcsn Sync="TRUE">GCS_WGS_1984</geogcsn><csUnits Sync="TRUE">Linear Unit: Meter (1.000000)</csUnits><projcsn Sync="TRUE">WGS_1984_UTM_Zone_12N</projcsn><peXml Sync="TRUE">&lt;ProjectedCoordinateSystem xsi:type='typens:ProjectedCoordinateSystem' xmlns:xsi='http://www.w3.org/2001/XMLSchema-instance' xmlns:xs='http://www.w3.org/2001/XMLSchema' xmlns:typens='http://www.esri.com/schemas/ArcGIS/3.3.0'&gt;&lt;WKT&gt;PROJCS[&amp;quot;WGS_1984_UTM_Zone_12N&amp;quot;,GEOGCS[&amp;quot;GCS_WGS_1984&amp;quot;,DATUM[&amp;quot;D_WGS_1984&amp;quot;,SPHEROID[&amp;quot;WGS_1984&amp;quot;,6378137.0,298.257223563]],PRIMEM[&amp;quot;Greenwich&amp;quot;,0.0],UNIT[&amp;quot;Degree&amp;quot;,0.0174532925199433]],PROJECTION[&amp;quot;Transverse_Mercator&amp;quot;],PARAMETER[&amp;quot;False_Easting&amp;quot;,500000.0],PARAMETER[&amp;quot;False_Northing&amp;quot;,0.0],PARAMETER[&amp;quot;Central_Meridian&amp;quot;,-111.0],PARAMETER[&amp;quot;Scale_Factor&amp;quot;,0.9996],PARAMETER[&amp;quot;Latitude_Of_Origin&amp;quot;,0.0],UNIT[&amp;quot;Meter&amp;quot;,1.0],AUTHORITY[&amp;quot;EPSG&amp;quot;,32612]]&lt;/WKT&gt;&lt;XOrigin&gt;-5120900&lt;/XOrigin&gt;&lt;YOrigin&gt;-9998100&lt;/YOrigin&gt;&lt;XYScale&gt;450445547.3910538&lt;/XYScale&gt;&lt;ZOrigin&gt;-100000&lt;/ZOrigin&gt;&lt;ZScale&gt;10000&lt;/ZScale&gt;&lt;MOrigin&gt;-100000&lt;/MOrigin&gt;&lt;MScale&gt;10000&lt;/MScale&gt;&lt;XYTolerance&gt;0.001&lt;/XYTolerance&gt;&lt;ZTolerance&gt;0.001&lt;/ZTolerance&gt;&lt;MTolerance&gt;0.001&lt;/MTolerance&gt;&lt;HighPrecision&gt;true&lt;/HighPrecision&gt;&lt;WKID&gt;32612&lt;/WKID&gt;&lt;LatestWKID&gt;32612&lt;/LatestWKID&gt;&lt;/ProjectedCoordinateSystem&gt;</peXml></coordRef></DataProperties><SyncDate>20250423</SyncDate><SyncTime>09574000</SyncTime><ModDate>20250423</ModDate><ModTime>09574000</ModTime></Esri><dataIdInfo><envirDesc Sync="TRUE">Microsoft Windows 10 Version 10.0 (Build 22631) ; Esri ArcGIS 13.3.0.52636</envirDesc><dataLang><languageCode value="eng" Sync="TRUE"></languageCode><countryCode value="USA" Sync="TRUE"></countryCode></dataLang><idCitation><resTitle Sync="TRUE">trial_fields</resTitle><presForm><PresFormCd value="005" Sync="TRUE"></PresFormCd></presForm></idCitation><spatRpType><SpatRepTypCd value="001" Sync="TRUE"></SpatRepTypCd></spatRpType></dataIdInfo><mdLang><languageCode value="eng" Sync="TRUE"></languageCode><countryCode value="USA" Sync="TRUE"></countryCode></mdLang><distInfo><distFormat><formatName Sync="TRUE">Shapefile</formatName></distFormat><distTranOps><transSize Sync="TRUE">0.000</transSize></distTranOps></distInfo><mdHrLv><ScopeCd value="005" Sync="TRUE"></ScopeCd></mdHrLv><mdHrLvName Sync="TRUE">dataset</mdHrLvName><refSysInfo><RefSystem><refSysID><identCode code="32612" Sync="TRUE"></identCode><idCodeSpace Sync="TRUE">EPSG</idCodeSpace><idVersion Sync="TRUE">9.8.8(3.0.1)</idVersion></refSysID></RefSystem></refSysInfo><spatRepInfo><VectSpatRep><geometObjs Name="trial_fields"><geoObjTyp><GeoObjTypCd value="002" Sync="TRUE"></GeoObjTypCd></geoObjTyp><geoObjCnt Sync="TRUE">0</geoObjCnt></geometObjs><topLvl><TopoLevCd value="001" Sync="TRUE"></TopoLevCd></topLvl></VectSpatRep></spatRepInfo><spdoinfo><ptvctinf><esriterm Name="trial_fields"><efeatyp Sync="TRUE">Simple</efeatyp><efeageom code="4" Sync="TRUE"></efeageom><esritopo Sync="TRUE">FALSE</esritopo><efeacnt Sync="TRUE">0</efeacnt><spindex Sync="TRUE">FALSE</spindex><linrefer Sync="TRUE">TRUE</linrefer></esriterm></ptvctinf></spdoinfo><eainfo><detailed Name="trial_fields"><enttyp><enttypl Sync="TRUE">trial_fields</enttypl><enttypt Sync="TRUE">Feature Class</enttypt><enttypc Sync="TRUE">0</enttypc></enttyp><attr><attrlabl Sync="TRUE">FID</attrlabl><attalias Sync="TRUE">FID</attalias><attrtype Sync="TRUE">OID</attrtype><attwidth Sync="TRUE">4</attwidth><atprecis Sync="TRUE">0</atprecis><attscale Sync="TRUE">0</attscale><attrdef Sync="TRUE">Internal feature number.</attrdef><attrdefs Sync="TRUE">Esri</attrdefs><attrdomv><udom Sync="TRUE">Sequential unique whole numbers that are automatically generated.</udom></attrdomv></attr><attr><attrlabl Sync="TRUE">Shape</attrlabl><attalias Sync="TRUE">Shape</attalias><attrtype Sync="TRUE">Geometry</attrtype><attwidth Sync="TRUE">0</attwidth><atprecis Sync="TRUE">0</atprecis><attscale Sync="TRUE">0</attscale><attrdef Sync="TRUE">Feature geometry.</attrdef><attrdefs Sync="TRUE">Esri</attrdefs><attrdomv><udom Sync="TRUE">Coordinates defining the features.</udom></attrdomv></attr><attr><attrlabl Sync="TRUE">FieldNum</attrlabl><attalias Sync="TRUE">FieldNum</attalias><attrtype Sync="TRUE">Integer</attrtype><attwidth Sync="TRUE">10</attwidth><atprecis Sync="TRUE">10</atprecis><attscale Sync="TRUE">0</attscale></attr><attr><attrlabl Sync="TRUE">FieldName</attrlabl><attalias Sync="TRUE">FieldName</attalias><attrtype Sync="TRUE">String</attrtype><attwidth Sync="TRUE">254</attwidth><atprecis Sync="TRUE">0</atprecis><attscale Sync="TRUE">0</attscale></attr><attr><attrlabl Sync="TRUE">Crop</attrlabl><attalias Sync="TRUE">Crop</attalias><attrtype Sync="TRUE">String</attrtype><attwidth Sync="TRUE">254</attwidth><atprecis Sync="TRUE">0</atprecis><attscale Sync="TRUE">0</attscale></attr><attr><attrlabl Sync="TRUE">Stated_Ace</attrlabl><attalias Sync="TRUE">Stated_Ace</attalias><attrtype Sync="TRUE">Integer</attrtype><attwidth Sync="TRUE">10</attwidth><atprecis Sync="TRUE">10</atprecis><attscale Sync="TRUE">0</attscale></attr><attr><attrlabl Sync="TRUE">Calculated</attrlabl><attalias Sync="TRUE">Calculated</attalias><attrtype Sync="TRUE">Integer</attrtype><attwidth Sync="TRUE">10</attwidth><atprecis Sync="TRUE">10</atprecis><attscale Sync="TRUE">0</attscale></attr><attr><attrlabl Sync="TRUE">Total_Yiel</attrlabl><attalias Sync="TRUE">Total_Yiel</attalias><attrtype Sync="TRUE">Integer</attrtype><attwidth Sync="TRUE">10</attwidth><atprecis Sync="TRUE">10</atprecis><attscale Sync="TRUE">0</attscale></attr><attr><attrlabl Sync="TRUE">Yield_Per_</attrlabl><attalias Sync="TRUE">Yield_Per_</attalias><attrtype Sync="TRUE">Integer</attrtype><attwidth Sync="TRUE">10</attwidth><atprecis Sync="TRUE">10</atprecis><attscale Sync="TRUE">0</attscale></attr><attr><attrlabl Sync="TRUE">Year</attrlabl><attalias Sync="TRUE">Year</attalias><attrtype Sync="TRUE">Integer</attrtype><attwidth Sync="TRUE">10</attwidth><atprecis Sync="TRUE">10</atprecis><attscale Sync="TRUE">0</attscale></attr><attr><attrlabl Sync="TRUE">Seed_Rate</attrlabl><attalias Sync="TRUE">Seed_Rate</attalias><attrtype Sync="TRUE">String</attrtype><attwidth Sync="TRUE">254</attwidth><atprecis Sync="TRUE">0</atprecis><attscale Sync="TRUE">0</attscale></attr><attr><attrlabl Sync="TRUE">Variety</attrlabl><attalias Sync="TRUE">Variety</attalias><attrtype Sync="TRUE">String</attrtype><attwidth Sync="TRUE">254</attwidth><atprecis Sync="TRUE">0</atprecis><attscale Sync="TRUE">0</attscale></attr><attr><attrlabl Sync="TRUE">Plant_Date</attrlabl><attalias Sync="TRUE">Plant_Date</attalias><attrtype Sync="TRUE">Integer</attrtype><attwidth Sync="TRUE">10</attwidth><atprecis Sync="TRUE">10</atprecis><attscale Sync="TRUE">0</attscale></attr><attr><attrlabl Sync="TRUE">Trial</attrlabl><attalias Sync="TRUE">Trial</attalias><attrtype Sync="TRUE">String</attrtype><attwidth Sync="TRUE">254</attwidth><atprecis Sync="TRUE">0</atprecis><attscale Sync="TRUE">0</attscale></attr><attr><attrlabl Sync="TRUE">Shape_Leng</attrlabl><attalias Sync="TRUE">Shape_Leng</attalias><attrtype Sync="TRUE">Double</attrtype><attwidth Sync="TRUE">19</attwidth><atprecis Sync="TRUE">0</atprecis><attscale Sync="TRUE">0</attscale></attr><attr><attrlabl Sync="TRUE">Shape_Area</attrlabl><attalias Sync="TRUE">Shape_Area</attalias><attrtype Sync="TRUE">Double</attrtype><attwidth Sync="TRUE">19</attwidth><atprecis Sync="TRUE">0</atprecis><attscale Sync="TRUE">0</attscale><attrdef Sync="TRUE">Area of feature in internal units squared.</attrdef><attrdefs Sync="TRUE">Esri</attrdefs><attrdomv><udom Sync="TRUE">Positive real numbers that are automatically generated.</udom></attrdomv></attr></detailed></eainfo><mdDateSt Sync="TRUE">20250423</mdDateSt></metadata>
